timestamp,event,call,put,call_delta,put_delta,net_delta,call_mark,put_mark,realized,unrealized,total_pnl,target,adj_count
2026-06-17 06:43:22,TIME_STOP,C-BTC-70000-030726,P-BTC-61000-030726,0,0,0,0,0,-80.0,0,-80.0,840.0,0
2026-06-17 06:45:43,tick,C-BTC-70000-030726,P-BTC-61000-030726,0.1974,-0.1844,-0.0129,502.1186,593.0054,0.0,-45.124,-45.124,840.0,0
2026-06-17 06:45:48,tick,C-BTC-70000-030726,P-BTC-61000-030726,0.1973,-0.1844,-0.0129,501.796,592.7452,0.0,-44.5412,-44.5412,840.0,0
2026-06-17 06:45:54,tick,C-BTC-70000-030726,P-BTC-61000-030726,0.1974,-0.1843,-0.0131,503.0531,591.515,0.0,-44.5681,-44.5681,840.0,0
2026-06-17 06:46:00,tick,C-BTC-70000-030726,P-BTC-61000-030726,0.1976,-0.1843,-0.0133,501.4739,593.057,0.0,-44.5309,-44.5309,840.0,0
2026-06-17 06:46:07,tick,C-BTC-70000-030726,P-BTC-61000-030726,0.1972,-0.1852,-0.012,501.2864,593.4188,0.0,-44.7052,-44.7052,840.0,0
2026-06-17 06:46:13,tick,C-BTC-70000-030726,P-BTC-61000-030726,0.1971,-0.1855,-0.0116,499.0771,595.8031,0.0,-44.8802,-44.8802,840.0,0
2026-06-17 06:46:19,tick,C-BTC-70000-030726,P-BTC-61000-030726,0.1965,-0.1855,-0.011,499.4597,595.8141,0.0,-45.2738,-45.2738,840.0,0
2026-06-17 06:46:26,tick,C-BTC-70000-030726,P-BTC-61000-030726,0.1956,-0.1859,-0.0097,495.1464,599.9566,0.0,-45.1029,-45.1029,840.0,0
2026-06-17 06:46:32,tick,C-BTC-70000-030726,P-BTC-61000-030726,0.1956,-0.1867,-0.0089,495.9267,599.6481,0.0,-45.5747,-45.5747,840.0,0
2026-06-17 06:46:39,tick,C-BTC-70000-030726,P-BTC-61000-030726,0.1951,-0.1867,-0.0084,496.5335,599.3938,0.0,-45.9273,-45.9273,840.0,0
2026-06-17 06:46:45,tick,C-BTC-70000-030726,P-BTC-61000-030726,0.1951,-0.1867,-0.0084,496.3906,599.7917,0.0,-46.1824,-46.1824,840.0,0
2026-06-17 06:46:51,tick,C-BTC-70000-030726,P-BTC-61000-030726,0.1956,-0.1859,-0.0096,500.3844,595.9671,0.0,-46.3515,-46.3515,840.0,0
2026-06-17 06:46:57,tick,C-BTC-70000-030726,P-BTC-61000-030726,0.196,-0.1858,-0.0101,500.7528,595.8538,0.0,-46.6066,-46.6066,840.0,0
2026-06-17 06:47:03,tick,C-BTC-70000-030726,P-BTC-61000-030726,0.196,-0.1855,-0.0105,500.3388,596.4559,0.0,-46.7948,-46.7948,840.0,0
2026-06-17 06:47:10,tick,C-BTC-70000-030726,P-BTC-61000-030726,0.196,-0.1855,-0.0105,500.0199,596.2555,0.0,-46.2754,-46.2754,840.0,0
2026-06-17 06:47:16,tick,C-BTC-70000-030726,P-BTC-61000-030726,0.1963,-0.1853,-0.011,503.6917,592.4883,0.0,-46.1801,-46.1801,840.0,0
2026-06-17 06:47:22,tick,C-BTC-70000-030726,P-BTC-61000-030726,0.1965,-0.185,-0.0115,503.4735,593.1909,0.0,-46.6643,-46.6643,840.0,0
2026-06-17 06:47:29,tick,C-BTC-70000-030726,P-BTC-61000-030726,0.1974,-0.1844,-0.0131,502.1167,594.1128,0.0,-46.2295,-46.2295,840.0,0
2026-06-17 06:47:35,tick,C-BTC-70000-030726,P-BTC-61000-030726,0.1969,-0.1844,-0.0125,502.0038,593.32,0.0,-45.3238,-45.3238,840.0,0
2026-06-17 06:47:41,tick,C-BTC-70000-030726,P-BTC-61000-030726,0.1971,-0.1842,-0.0128,503.7116,591.29,0.0,-45.0015,-45.0015,840.0,0
2026-06-17 06:47:48,tick,C-BTC-70000-030726,P-BTC-61000-030726,0.1981,-0.1841,-0.014,503.5637,591.2798,0.0,-44.8435,-44.8435,840.0,0
2026-06-17 06:47:53,tick,C-BTC-70000-030726,P-BTC-61000-030726,0.1981,-0.1841,-0.0139,503.9001,591.2189,0.0,-45.119,-45.119,840.0,0
2026-06-17 06:49:23,tick,C-BTC-67000-180626,P-BTC-64400-180626,0.1944,-0.2219,0.0275,162.9862,215.9514,0.0,-13.9376,-13.9376,292.0,0
2026-06-17 06:49:29,tick,C-BTC-67000-180626,P-BTC-64400-180626,0.1944,-0.222,0.0276,166.0819,212.9864,0.0,-14.0682,-14.0682,292.0,0
2026-06-17 06:49:35,tick,C-BTC-67000-180626,P-BTC-64400-180626,0.1944,-0.2185,0.0241,166.0819,211.2262,0.0,-12.308,-12.308,292.0,0
2026-06-17 06:49:41,tick,C-BTC-67000-180626,P-BTC-64400-180626,0.1974,-0.2167,0.0193,167.507,210.8679,0.0,-13.3749,-13.3749,292.0,0
2026-06-17 06:49:47,tick,C-BTC-67000-180626,P-BTC-64400-180626,0.199,-0.2167,0.0177,167.3326,210.7523,0.0,-13.0849,-13.0849,292.0,0
2026-06-17 06:49:53,tick,C-BTC-67000-180626,P-BTC-64400-180626,0.1983,-0.2186,0.0203,165.8861,212.5215,0.0,-13.4076,-13.4076,292.0,0
2026-06-17 06:49:59,tick,C-BTC-67000-180626,P-BTC-64400-180626,0.197,-0.2185,0.0215,165.8317,212.7063,0.0,-13.538,-13.538,292.0,0
2026-06-17 06:50:05,tick,C-BTC-67000-180626,P-BTC-64400-180626,0.197,-0.2185,0.0215,165.6301,212.7094,0.0,-13.3395,-13.3395,292.0,0
2026-06-17 06:50:11,tick,C-BTC-67000-180626,P-BTC-64400-180626,0.197,-0.2185,0.0215,165.2241,212.9022,0.0,-13.1263,-13.1263,292.0,0
2026-06-17 06:50:17,tick,C-BTC-67000-180626,P-BTC-64400-180626,0.197,-0.2185,0.0215,164.9395,212.6406,0.0,-12.5801,-12.5801,292.0,0
2026-06-17 06:50:23,tick,C-BTC-67000-180626,P-BTC-64400-180626,0.197,-0.2185,0.0215,164.8744,213.5842,0.0,-13.4586,-13.4586,292.0,0
2026-06-17 06:50:29,tick,C-BTC-67000-180626,P-BTC-64400-180626,0.1967,-0.2182,0.0215,165.4222,211.9195,0.0,-12.3416,-12.3416,292.0,0
2026-06-17 06:50:36,tick,C-BTC-67000-180626,P-BTC-64400-180626,0.1972,-0.2178,0.0206,166.507,210.6706,0.0,-12.1776,-12.1776,292.0,0
2026-06-17 06:50:42,tick,C-BTC-67000-180626,P-BTC-64400-180626,0.199,-0.2178,0.0188,166.8454,210.7287,0.0,-12.5741,-12.5741,292.0,0
2026-06-17 06:50:48,tick,C-BTC-67000-180626,P-BTC-64400-180626,0.1992,-0.2164,0.0172,167.8433,209.9447,0.0,-12.788,-12.788,292.0,0
2026-06-17 06:50:55,tick,C-BTC-67000-180626,P-BTC-64400-180626,0.1995,-0.215,0.0155,167.1322,210.2943,0.0,-12.4265,-12.4265,292.0,0
2026-06-17 06:51:01,tick,C-BTC-67000-180626,P-BTC-64400-180626,0.2006,-0.2157,0.0152,166.9355,210.4568,0.0,-12.3924,-12.3924,292.0,0
2026-06-17 06:51:07,tick,C-BTC-67000-180626,P-BTC-64400-180626,0.2001,-0.2181,0.0181,164.8085,213.5633,0.0,-13.3718,-13.3718,292.0,0
2026-06-17 06:51:13,tick,C-BTC-67000-180626,P-BTC-64400-180626,0.1964,-0.2181,0.0218,164.1994,213.5539,0.0,-12.7533,-12.7533,292.0,0
2026-06-17 06:51:19,tick,C-BTC-67000-180626,P-BTC-64400-180626,0.1962,-0.2201,0.0239,162.1123,215.596,0.0,-12.7083,-12.7083,292.0,0
2026-06-17 06:51:25,tick,C-BTC-67000-180626,P-BTC-64400-180626,0.1955,-0.2222,0.0266,163.0747,214.9734,0.0,-13.0481,-13.0481,292.0,0
2026-06-17 06:51:31,tick,C-BTC-67000-180626,P-BTC-64400-180626,0.1944,-0.2221,0.0278,162.8502,215.189,0.0,-13.0393,-13.0393,292.0,0
2026-06-17 06:51:37,tick,C-BTC-67000-180626,P-BTC-64400-180626,0.1943,-0.2221,0.0278,163.0427,215.1095,0.0,-13.1523,-13.1523,292.0,0
2026-06-17 06:51:43,tick,C-BTC-67000-180626,P-BTC-64400-180626,0.1944,-0.2209,0.0265,163.3698,214.7362,0.0,-13.106,-13.106,292.0,0
2026-06-17 06:51:49,tick,C-BTC-67000-180626,P-BTC-64400-180626,0.1944,-0.2209,0.0265,163.4028,214.6113,0.0,-13.014,-13.014,292.0,0
2026-06-17 06:51:56,tick,C-BTC-67000-180626,P-BTC-64400-180626,0.1944,-0.2209,0.0265,163.5244,214.5054,0.0,-13.0298,-13.0298,292.0,0
